{"cameraMode":{"drawMode":0,"name":"Shaded","section":"Shading Mode"},"sceneLighting":false,"audioPlay":false,"sceneViewState":{"m_AlwaysRefresh":false,"showFog":true,"showSkybox":false,"showFlares":true,"showImageEffects":true,"showParticleSystems":true,"showVisualEffectGraphs":true,"m_FxEnabled":true},"in2DMode":false,"pivot":{"x":-0.27927207946777346,"y":1.684049367904663,"z":-4.8577189445495609},"rotation":{"x":0.16494214534759522,"y":-0.11384184658527374,"z":0.01912011206150055,"w":0.9795809984207153},"size":3.1038668155670168,"orthographic":false}