{"cameraMode":{"drawMode":0,"name":"Shaded","section":"Shading Mode"},"sceneLighting":false,"audioPlay":false,"sceneViewState":{"m_AlwaysRefresh":false,"showFog":true,"showSkybox":false,"showFlares":true,"showImageEffects":true,"showParticleSystems":true,"showVisualEffectGraphs":true,"m_FxEnabled":true},"in2DMode":false,"pivot":{"x":-0.48396530747413638,"y":0.22038017213344575,"z":0.6972262263298035},"rotation":{"x":0.1516815721988678,"y":-0.33353573083877566,"z":0.054329778999090198,"w":0.9289599061012268},"size":1.6390117406845093,"orthographic":false}